{"cameraMode":{"drawMode":0,"name":"Shaded","section":"Shading Mode"},"sceneLighting":true,"audioPlay":false,"sceneViewState":{"showFog":true,"showMaterialUpdate":false,"showSkybox":true,"showFlares":true,"showImageEffects":true,"showParticleSystems":true},"in2DMode":false,"pivot":{"x":4.916690826416016,"y":-22.899656295776368,"z":-2.367508888244629},"rotation":{"x":0.23797760903835298,"y":-0.2301814705133438,"z":0.058162182569503787,"w":0.9418109655380249},"size":60.572776794433597,"orthographic":true}